Supervisor Id,Email
52-7986782,mdunstall0@thetimes.co.uk
52-7986782,mlinneman1@ft.com
52-0782857,awein2@nifty.com
79-4011395,sgebuhr3@aol.com
98-5683490,bfritche4@tmall.com
99-7542516,ncookney5@pcworld.com
37-4026891,rmeenan6@mozilla.org
12-1864515,kriddlesden7@cnbc.com
52-0782857,wturbayne8@opensource.org
80-4515038,jpresley9@umn.edu
61-6957948,bmabena@photobucket.com
52-7986782,cplenderleithb@diigo.com
54-9517724,eenglefieldc@economist.com
57-0333283,jmanvelld@google.co.uk
52-5101189,blambrichte@w3.org
79-3001758,bpolandf@home.pl
79-3001758,hcakebreadg@youtu.be
83-0548019,mgradonh@mapy.cz
09-9578914,kgainesi@live.com
09-9578914,rsimcoej@etsy.com
00-8147732,sgirauxk@nba.com
08-7814367,ldwelleyl@naver.com
08-7814367,dbeaulieum@bigcartel.com
77-7624298,bcaffinn@si.edu
63-1551020,jthyero@slideshare.net
55-5119763,nmathonnetp@ask.com
25-5384625,dpreeq@typepad.com
06-1997216,hseider@privacy.gov.au
09-9578914,tstyles@gnu.org
29-4301702,ewinstont@wordpress.org
77-7624298,epenningu@freewebs.com
77-7624298,bbelmontv@linkedin.com
43-8212884,gcoltenw@pen.io
92-2587819,tsambiedgex@over-blog.com
61-6957948,mthorroldy@addthis.com
46-1912510,btomkinsonz@mac.com
62-2053721,bshegog10@desdev.cn
17-9868882,mdunley11@t.co
00-8147732,ovalenssmith12@odnoklassniki.ru
41-2547566,htschersich13@nytimes.com
44-5117400,ewhieldon14@hibu.com
31-0669027,pbarenski15@mit.edu
05-9257641,rtinghill16@symantec.com
83-0548019,ecockley17@about.com
57-9892158,gharlick18@freewebs.com
77-7624298,kodell19@freewebs.com
29-4301702,acaselick1a@flickr.com
98-2635959,bvelez1b@vk.com
60-5373685,jhug1c@state.tx.us
12-1864515,hrockcliffe1d@ucsd.edu
85-3168930,rtarbin1e@geocities.jp
08-7814367,lhoxey1f@goodreads.com
92-2587819,bcasellas1g@archive.org
21-3387983,askillington1h@bbc.co.uk
29-4301702,hturbat1i@forbes.com
83-0548019,gwhittle1j@google.de
09-3876245,scroizier1k@ed.gov
25-5384625,cscollard1l@geocities.com
29-4301702,sbatterbee1m@seattletimes.com
61-6957948,tsowthcote1n@ow.ly
